,google-gemma-7b-it_12_1712704376_modified,Llama2_all,mistralai-Mixtral-8x7B-Instruct-v0.1_12_1712772173
0,0.6224052763026495,0.3121352972834124,0.3173792546327545
